ProductID,WeekEnding,SearchInterest,UnitsSold
GROC001,2024-01-07,6,42
GROC001,2024-01-14,0,0
GROC001,2024-01-21,0,0
GROC001,2024-01-28,0,0
GROC001,2024-02-04,0,0
GROC001,2024-02-11,0,0
GROC001,2024-02-18,0,0
GROC001,2024-02-25,0,0
GROC001,2024-03-03,0,0
GROC001,2024-03-10,0,0
GROC001,2024-03-17,0,0
GROC001,2024-03-24,0,0
GROC001,2024-03-31,0,0
GROC001,2024-04-07,0,0
GROC001,2024-04-14,0,0
GROC001,2024-04-21,0,0
GROC001,2024-04-28,0,0
GROC001,2024-05-05,0,0
GROC001,2024-05-12,0,0
GROC001,2024-05-19,0,0
GROC001,2024-05-26,0,0
GROC001,2024-06-02,0,0
GROC001,2024-06-09,0,0
GROC001,2024-06-16,0,0
GROC001,2024-06-23,0,0
GROC001,2024-06-30,0,0
GROC001,2024-07-07,0,0
GROC001,2024-07-14,0,0
GROC001,2024-07-21,0,0
GROC001,2024-07-28,0,0
GROC001,2024-08-04,0,0
GROC001,2024-08-11,0,0
GROC001,2024-08-18,0,0
GROC001,2024-08-25,0,0
GROC001,2024-09-01,5,35
GROC001,2024-09-08,0,0
GROC001,2024-09-15,0,0
GROC001,2024-09-22,0,0
GROC001,2024-09-29,0,0
GROC001,2024-10-06,0,0
GROC001,2024-10-13,0,0
GROC001,2024-10-20,0,0
GROC001,2024-10-27,5,35
GROC001,2024-11-03,0,0
GROC001,2024-11-10,0,0
GROC001,2024-11-17,0,0
GROC001,2024-11-24,0,0
GROC001,2024-12-01,5,35
GROC001,2024-12-08,0,0
GROC001,2024-12-15,0,0
GROC001,2024-12-22,0,0
GROC001,2024-12-29,0,0
GROC002,2024-01-07,26,182
GROC002,2024-01-14,23,161
GROC002,2024-01-21,23,161
GROC002,2024-01-28,20,140
GROC002,2024-02-04,17,119
GROC002,2024-02-11,21,147
GROC002,2024-02-18,22,154
GROC002,2024-02-25,19,133
GROC002,2024-03-03,19,133
GROC002,2024-03-10,22,154
GROC002,2024-03-17,16,112
GROC002,2024-03-24,19,133
GROC002,2024-03-31,18,126
GROC002,2024-04-07,22,154
GROC002,2024-04-14,14,98
GROC002,2024-04-21,13,91
GROC002,2024-04-28,19,133
GROC002,2024-05-05,19,133
GROC002,2024-05-12,14,98
GROC002,2024-05-19,13,91
GROC002,2024-05-26,14,98
GROC002,2024-06-02,18,126
GROC002,2024-06-09,11,77
GROC002,2024-06-16,14,98
GROC002,2024-06-23,22,154
GROC002,2024-06-30,10,70
GROC002,2024-07-07,25,175
GROC002,2024-07-14,22,154
GROC002,2024-07-21,18,126
GROC002,2024-07-28,21,147
GROC002,2024-08-04,22,154
GROC002,2024-08-11,25,175
GROC002,2024-08-18,26,182
GROC002,2024-08-25,23,161
GROC002,2024-09-01,21,147
GROC002,2024-09-08,24,168
GROC002,2024-09-15,23,161
GROC002,2024-09-22,21,147
GROC002,2024-09-29,21,147
GROC002,2024-10-06,21,147
GROC002,2024-10-13,18,126
GROC002,2024-10-20,20,140
GROC002,2024-10-27,18,126
GROC002,2024-11-03,16,112
GROC002,2024-11-10,21,147
GROC002,2024-11-17,18,126
GROC002,2024-11-24,17,119
GROC002,2024-12-01,14,98
GROC002,2024-12-08,16,112
GROC002,2024-12-15,15,105
GROC002,2024-12-22,18,126
GROC002,2024-12-29,20,140
GROC003,2024-01-07,61,427
GROC003,2024-01-14,54,378
GROC003,2024-01-21,57,399
GROC003,2024-01-28,48,336
GROC003,2024-02-04,59,413
GROC003,2024-02-11,54,378
GROC003,2024-02-18,52,364
GROC003,2024-02-25,46,322
GROC003,2024-03-03,54,378
GROC003,2024-03-10,56,392
GROC003,2024-03-17,56,392
GROC003,2024-03-24,51,357
GROC003,2024-03-31,52,364
GROC003,2024-04-07,61,427
GROC003,2024-04-14,68,476
GROC003,2024-04-21,50,350
GROC003,2024-04-28,52,364
GROC003,2024-05-05,61,427
GROC003,2024-05-12,55,385
GROC003,2024-05-19,53,371
GROC003,2024-05-26,56,392
GROC003,2024-06-02,59,413
GROC003,2024-06-09,56,392
GROC003,2024-06-16,54,378
GROC003,2024-06-23,60,420
GROC003,2024-06-30,56,392
GROC003,2024-07-07,50,350
GROC003,2024-07-14,62,434
GROC003,2024-07-21,54,378
GROC003,2024-07-28,54,378
GROC003,2024-08-04,57,399
GROC003,2024-08-11,61,427
GROC003,2024-08-18,64,448
GROC003,2024-08-25,55,385
GROC003,2024-09-01,57,399
GROC003,2024-09-08,58,406
GROC003,2024-09-15,55,385
GROC003,2024-09-22,56,392
GROC003,2024-09-29,48,336
GROC003,2024-10-06,64,448
GROC003,2024-10-13,100,700
GROC003,2024-10-20,61,427
GROC003,2024-10-27,46,322
GROC003,2024-11-03,57,399
GROC003,2024-11-10,55,385
GROC003,2024-11-17,59,413
GROC003,2024-11-24,52,364
GROC003,2024-12-01,56,392
GROC003,2024-12-08,61,427
GROC003,2024-12-15,52,364
GROC003,2024-12-22,56,392
GROC003,2024-12-29,59,413
GROC004,2024-01-07,5,35
GROC004,2024-01-14,4,28
GROC004,2024-01-21,0,0
GROC004,2024-01-28,0,0
GROC004,2024-02-04,5,35
GROC004,2024-02-11,0,0
GROC004,2024-02-18,0,0
GROC004,2024-02-25,0,0
GROC004,2024-03-03,0,0
GROC004,2024-03-10,5,35
GROC004,2024-03-17,0,0
GROC004,2024-03-24,0,0
GROC004,2024-03-31,5,35
GROC004,2024-04-07,0,0
GROC004,2024-04-14,0,0
GROC004,2024-04-21,0,0
GROC004,2024-04-28,0,0
GROC004,2024-05-05,0,0
GROC004,2024-05-12,0,0
GROC004,2024-05-19,0,0
GROC004,2024-05-26,4,28
GROC004,2024-06-02,0,0
GROC004,2024-06-09,0,0
GROC004,2024-06-16,0,0
GROC004,2024-06-23,0,0
GROC004,2024-06-30,5,35
GROC004,2024-07-07,0,0
GROC004,2024-07-14,0,0
GROC004,2024-07-21,6,42
GROC004,2024-07-28,4,28
GROC004,2024-08-04,0,0
GROC004,2024-08-11,0,0
GROC004,2024-08-18,0,0
GROC004,2024-08-25,5,35
GROC004,2024-09-01,0,0
GROC004,2024-09-08,0,0
GROC004,2024-09-15,0,0
GROC004,2024-09-22,5,35
GROC004,2024-09-29,0,0
GROC004,2024-10-06,0,0
GROC004,2024-10-13,6,42
GROC004,2024-10-20,0,0
GROC004,2024-10-27,0,0
GROC004,2024-11-03,0,0
GROC004,2024-11-10,0,0
GROC004,2024-11-17,0,0
GROC004,2024-11-24,0,0
GROC004,2024-12-01,7,49
GROC004,2024-12-08,0,0
GROC004,2024-12-15,0,0
GROC004,2024-12-22,0,0
GROC004,2024-12-29,0,0
GROC005,2024-01-07,0,0
GROC005,2024-01-14,0,0
GROC005,2024-01-21,0,0
GROC005,2024-01-28,0,0
GROC005,2024-02-04,0,0
GROC005,2024-02-11,0,0
GROC005,2024-02-18,0,0
GROC005,2024-02-25,0,0
GROC005,2024-03-03,0,0
GROC005,2024-03-10,0,0
GROC005,2024-03-17,0,0
GROC005,2024-03-24,0,0
GROC005,2024-03-31,0,0
GROC005,2024-04-07,0,0
GROC005,2024-04-14,0,0
GROC005,2024-04-21,0,0
GROC005,2024-04-28,0,0
GROC005,2024-05-05,0,0
GROC005,2024-05-12,0,0
GROC005,2024-05-19,0,0
GROC005,2024-05-26,0,0
GROC005,2024-06-02,0,0
GROC005,2024-06-09,0,0
GROC005,2024-06-16,0,0
GROC005,2024-06-23,0,0
GROC005,2024-06-30,0,0
GROC005,2024-07-07,0,0
GROC005,2024-07-14,0,0
GROC005,2024-07-21,0,0
GROC005,2024-07-28,0,0
GROC005,2024-08-04,0,0
GROC005,2024-08-11,0,0
GROC005,2024-08-18,0,0
GROC005,2024-08-25,0,0
GROC005,2024-09-01,0,0
GROC005,2024-09-08,0,0
GROC005,2024-09-15,0,0
GROC005,2024-09-22,0,0
GROC005,2024-09-29,0,0
GROC005,2024-10-06,0,0
GROC005,2024-10-13,0,0
GROC005,2024-10-20,0,0
GROC005,2024-10-27,0,0
GROC005,2024-11-03,0,0
GROC005,2024-11-10,0,0
GROC005,2024-11-17,0,0
GROC005,2024-11-24,0,0
GROC005,2024-12-01,0,0
GROC005,2024-12-08,0,0
GROC005,2024-12-15,0,0
GROC005,2024-12-22,0,0
GROC005,2024-12-29,0,0
GROC006,2024-01-07,0,0
GROC006,2024-01-14,0,0
GROC006,2024-01-21,0,0
GROC006,2024-01-28,0,0
GROC006,2024-02-04,0,0
GROC006,2024-02-11,0,0
GROC006,2024-02-18,0,0
GROC006,2024-02-25,0,0
GROC006,2024-03-03,0,0
GROC006,2024-03-10,0,0
GROC006,2024-03-17,0,0
GROC006,2024-03-24,0,0
GROC006,2024-03-31,0,0
GROC006,2024-04-07,0,0
GROC006,2024-04-14,0,0
GROC006,2024-04-21,0,0
GROC006,2024-04-28,0,0
GROC006,2024-05-05,0,0
GROC006,2024-05-12,0,0
GROC006,2024-05-19,0,0
GROC006,2024-05-26,0,0
GROC006,2024-06-02,0,0
GROC006,2024-06-09,0,0
GROC006,2024-06-16,12,84
GROC006,2024-06-23,0,0
GROC006,2024-06-30,0,0
GROC006,2024-07-07,0,0
GROC006,2024-07-14,0,0
GROC006,2024-07-21,0,0
GROC006,2024-07-28,0,0
GROC006,2024-08-04,0,0
GROC006,2024-08-11,0,0
GROC006,2024-08-18,0,0
GROC006,2024-08-25,0,0
GROC006,2024-09-01,0,0
GROC006,2024-09-08,0,0
GROC006,2024-09-15,0,0
GROC006,2024-09-22,0,0
GROC006,2024-09-29,0,0
GROC006,2024-10-06,0,0
GROC006,2024-10-13,0,0
GROC006,2024-10-20,0,0
GROC006,2024-10-27,0,0
GROC006,2024-11-03,0,0
GROC006,2024-11-10,0,0
GROC006,2024-11-17,0,0
GROC006,2024-11-24,0,0
GROC006,2024-12-01,0,0
GROC006,2024-12-08,0,0
GROC006,2024-12-15,0,0
GROC006,2024-12-22,0,0
GROC006,2024-12-29,0,0
GROC007,2024-01-07,0,0
GROC007,2024-01-14,10,70
GROC007,2024-01-21,0,0
GROC007,2024-01-28,0,0
GROC007,2024-02-04,0,0
GROC007,2024-02-11,14,98
GROC007,2024-02-18,0,0
GROC007,2024-02-25,0,0
GROC007,2024-03-03,0,0
GROC007,2024-03-10,0,0
GROC007,2024-03-17,0,0
GROC007,2024-03-24,0,0
GROC007,2024-03-31,0,0
GROC007,2024-04-07,0,0
GROC007,2024-04-14,0,0
GROC007,2024-04-21,0,0
GROC007,2024-04-28,0,0
GROC007,2024-05-05,0,0
GROC007,2024-05-12,0,0
GROC007,2024-05-19,0,0
GROC007,2024-05-26,0,0
GROC007,2024-06-02,0,0
GROC007,2024-06-09,0,0
GROC007,2024-06-16,0,0
GROC007,2024-06-23,0,0
GROC007,2024-06-30,0,0
GROC007,2024-07-07,0,0
GROC007,2024-07-14,0,0
GROC007,2024-07-21,0,0
GROC007,2024-07-28,0,0
GROC007,2024-08-04,0,0
GROC007,2024-08-11,0,0
GROC007,2024-08-18,0,0
GROC007,2024-08-25,0,0
GROC007,2024-09-01,0,0
GROC007,2024-09-08,0,0
GROC007,2024-09-15,0,0
GROC007,2024-09-22,0,0
GROC007,2024-09-29,0,0
GROC007,2024-10-06,0,0
GROC007,2024-10-13,0,0
GROC007,2024-10-20,0,0
GROC007,2024-10-27,0,0
GROC007,2024-11-03,0,0
GROC007,2024-11-10,0,0
GROC007,2024-11-17,0,0
GROC007,2024-11-24,0,0
GROC007,2024-12-01,0,0
GROC007,2024-12-08,0,0
GROC007,2024-12-15,0,0
GROC007,2024-12-22,0,0
GROC007,2024-12-29,14,98
GROC008,2024-01-07,63,441
GROC008,2024-01-14,69,483
GROC008,2024-01-21,58,406
GROC008,2024-01-28,83,581
GROC008,2024-02-04,85,595
GROC008,2024-02-11,58,406
GROC008,2024-02-18,45,315
GROC008,2024-02-25,59,413
GROC008,2024-03-03,54,378
GROC008,2024-03-10,75,525
GROC008,2024-03-17,64,448
GROC008,2024-03-24,48,336
GROC008,2024-03-31,59,413
GROC008,2024-04-07,58,406
GROC008,2024-04-14,56,392
GROC008,2024-04-21,63,441
GROC008,2024-04-28,68,476
GROC008,2024-05-05,67,469
GROC008,2024-05-12,55,385
GROC008,2024-05-19,77,539
GROC008,2024-05-26,67,469
GROC008,2024-06-02,76,532
GROC008,2024-06-09,67,469
GROC008,2024-06-16,58,406
GROC008,2024-06-23,65,455
GROC008,2024-06-30,76,532
GROC008,2024-07-07,88,616
GROC008,2024-07-14,66,462
GROC008,2024-07-21,88,616
GROC008,2024-07-28,100,700
GROC008,2024-08-04,100,700
GROC008,2024-08-11,80,560
GROC008,2024-08-18,93,651
GROC008,2024-08-25,77,539
GROC008,2024-09-01,92,644
GROC008,2024-09-08,92,644
GROC008,2024-09-15,72,504
GROC008,2024-09-22,64,448
GROC008,2024-09-29,80,560
GROC008,2024-10-06,66,462
GROC008,2024-10-13,77,539
GROC008,2024-10-20,85,595
GROC008,2024-10-27,95,665
GROC008,2024-11-03,90,630
GROC008,2024-11-10,74,518
GROC008,2024-11-17,69,483
GROC008,2024-11-24,79,553
GROC008,2024-12-01,79,553
GROC008,2024-12-08,78,546
GROC008,2024-12-15,80,560
GROC008,2024-12-22,56,392
GROC008,2024-12-29,71,497
GROC009,2024-01-07,11,77
GROC009,2024-01-14,20,140
GROC009,2024-01-21,14,98
GROC009,2024-01-28,17,119
GROC009,2024-02-04,14,98
GROC009,2024-02-11,15,105
GROC009,2024-02-18,0,0
GROC009,2024-02-25,15,105
GROC009,2024-03-03,14,98
GROC009,2024-03-10,17,119
GROC009,2024-03-17,19,133
GROC009,2024-03-24,15,105
GROC009,2024-03-31,17,119
GROC009,2024-04-07,12,84
GROC009,2024-04-14,15,105
GROC009,2024-04-21,0,0
GROC009,2024-04-28,14,98
GROC009,2024-05-05,17,119
GROC009,2024-05-12,12,84
GROC009,2024-05-19,15,105
GROC009,2024-05-26,16,112
GROC009,2024-06-02,25,175
GROC009,2024-06-09,22,154
GROC009,2024-06-16,13,91
GROC009,2024-06-23,25,175
GROC009,2024-06-30,18,126
GROC009,2024-07-07,23,161
GROC009,2024-07-14,23,161
GROC009,2024-07-21,17,119
GROC009,2024-07-28,19,133
GROC009,2024-08-04,16,112
GROC009,2024-08-11,0,0
GROC009,2024-08-18,22,154
GROC009,2024-08-25,25,175
GROC009,2024-09-01,20,140
GROC009,2024-09-08,14,98
GROC009,2024-09-15,19,133
GROC009,2024-09-22,20,140
GROC009,2024-09-29,23,161
GROC009,2024-10-06,0,0
GROC009,2024-10-13,17,119
GROC009,2024-10-20,0,0
GROC009,2024-10-27,21,147
GROC009,2024-11-03,22,154
GROC009,2024-11-10,0,0
GROC009,2024-11-17,14,98
GROC009,2024-11-24,0,0
GROC009,2024-12-01,21,147
GROC009,2024-12-08,13,91
GROC009,2024-12-15,15,105
GROC009,2024-12-22,0,0
GROC009,2024-12-29,17,119
GROC010,2024-01-07,56,392
GROC010,2024-01-14,56,392
GROC010,2024-01-21,43,301
GROC010,2024-01-28,38,266
GROC010,2024-02-04,43,301
GROC010,2024-02-11,59,413
GROC010,2024-02-18,55,385
GROC010,2024-02-25,50,350
GROC010,2024-03-03,55,385
GROC010,2024-03-10,57,399
GROC010,2024-03-17,52,364
GROC010,2024-03-24,44,308
GROC010,2024-03-31,52,364
GROC010,2024-04-07,62,434
GROC010,2024-04-14,49,343
GROC010,2024-04-21,67,469
GROC010,2024-04-28,58,406
GROC010,2024-05-05,50,350
GROC010,2024-05-12,43,301
GROC010,2024-05-19,57,399
GROC010,2024-05-26,37,259
GROC010,2024-06-02,53,371
GROC010,2024-06-09,59,413
GROC010,2024-06-16,46,322
GROC010,2024-06-23,71,497
GROC010,2024-06-30,54,378
GROC010,2024-07-07,64,448
GROC010,2024-07-14,59,413
GROC010,2024-07-21,64,448
GROC010,2024-07-28,58,406
GROC010,2024-08-04,67,469
GROC010,2024-08-11,50,350
GROC010,2024-08-18,44,308
GROC010,2024-08-25,68,476
GROC010,2024-09-01,79,553
GROC010,2024-09-08,70,490
GROC010,2024-09-15,60,420
GROC010,2024-09-22,49,343
GROC010,2024-09-29,54,378
GROC010,2024-10-06,54,378
GROC010,2024-10-13,41,287
GROC010,2024-10-20,55,385
GROC010,2024-10-27,44,308
GROC010,2024-11-03,63,441
GROC010,2024-11-10,47,329
GROC010,2024-11-17,51,357
GROC010,2024-11-24,44,308
GROC010,2024-12-01,55,385
GROC010,2024-12-08,53,371
GROC010,2024-12-15,49,343
GROC010,2024-12-22,41,287
GROC010,2024-12-29,39,273
GROC011,2024-01-07,79,553
GROC011,2024-01-14,76,532
GROC011,2024-01-21,77,539
GROC011,2024-01-28,73,511
GROC011,2024-02-04,88,616
GROC011,2024-02-11,93,651
GROC011,2024-02-18,96,672
GROC011,2024-02-25,92,644
GROC011,2024-03-03,98,686
GROC011,2024-03-10,90,630
GROC011,2024-03-17,100,700
GROC011,2024-03-24,90,630
GROC011,2024-03-31,70,490
GROC011,2024-04-07,89,623
GROC011,2024-04-14,84,588
GROC011,2024-04-21,96,672
GROC011,2024-04-28,77,539
GROC011,2024-05-05,90,630
GROC011,2024-05-12,86,602
GROC011,2024-05-19,89,623
GROC011,2024-05-26,87,609
GROC011,2024-06-02,83,581
GROC011,2024-06-09,77,539
GROC011,2024-06-16,88,616
GROC011,2024-06-23,95,665
GROC011,2024-06-30,85,595
GROC011,2024-07-07,85,595
GROC011,2024-07-14,92,644
GROC011,2024-07-21,84,588
GROC011,2024-07-28,91,637
GROC011,2024-08-04,86,602
GROC011,2024-08-11,75,525
GROC011,2024-08-18,85,595
GROC011,2024-08-25,69,483
GROC011,2024-09-01,87,609
GROC011,2024-09-08,92,644
GROC011,2024-09-15,89,623
GROC011,2024-09-22,100,700
GROC011,2024-09-29,86,602
GROC011,2024-10-06,79,553
GROC011,2024-10-13,71,497
GROC011,2024-10-20,70,490
GROC011,2024-10-27,59,413
GROC011,2024-11-03,55,385
GROC011,2024-11-10,73,511
GROC011,2024-11-17,76,532
GROC011,2024-11-24,79,553
GROC011,2024-12-01,76,532
GROC011,2024-12-08,63,441
GROC011,2024-12-15,67,469
GROC011,2024-12-22,69,483
GROC011,2024-12-29,64,448
GROC012,2024-01-07,65,455
GROC012,2024-01-14,70,490
GROC012,2024-01-21,63,441
GROC012,2024-01-28,67,469
GROC012,2024-02-04,71,497
GROC012,2024-02-11,75,525
GROC012,2024-02-18,77,539
GROC012,2024-02-25,57,399
GROC012,2024-03-03,72,504
GROC012,2024-03-10,74,518
GROC012,2024-03-17,69,483
GROC012,2024-03-24,77,539
GROC012,2024-03-31,64,448
GROC012,2024-04-07,69,483
GROC012,2024-04-14,72,504
GROC012,2024-04-21,66,462
GROC012,2024-04-28,82,574
GROC012,2024-05-05,78,546
GROC012,2024-05-12,77,539
GROC012,2024-05-19,76,532
GROC012,2024-05-26,74,518
GROC012,2024-06-02,72,504
GROC012,2024-06-09,76,532
GROC012,2024-06-16,71,497
GROC012,2024-06-23,85,595
GROC012,2024-06-30,80,560
GROC012,2024-07-07,80,560
GROC012,2024-07-14,76,532
GROC012,2024-07-21,89,623
GROC012,2024-07-28,81,567
GROC012,2024-08-04,88,616
GROC012,2024-08-11,81,567
GROC012,2024-08-18,75,525
GROC012,2024-08-25,66,462
GROC012,2024-09-01,76,532
GROC012,2024-09-08,82,574
GROC012,2024-09-15,83,581
GROC012,2024-09-22,67,469
GROC012,2024-09-29,62,434
GROC012,2024-10-06,67,469
GROC012,2024-10-13,67,469
GROC012,2024-10-20,65,455
GROC012,2024-10-27,49,343
GROC012,2024-11-03,51,357
GROC012,2024-11-10,51,357
GROC012,2024-11-17,63,441
GROC012,2024-11-24,55,385
GROC012,2024-12-01,58,406
GROC012,2024-12-08,48,336
GROC012,2024-12-15,48,336
GROC012,2024-12-22,51,357
GROC012,2024-12-29,51,357
GROC013,2024-01-07,15,105
GROC013,2024-01-14,15,105
GROC013,2024-01-21,11,77
GROC013,2024-01-28,15,105
GROC013,2024-02-04,13,91
GROC013,2024-02-11,12,84
GROC013,2024-02-18,10,70
GROC013,2024-02-25,12,84
GROC013,2024-03-03,10,70
GROC013,2024-03-10,13,91
GROC013,2024-03-17,9,63
GROC013,2024-03-24,15,105
GROC013,2024-03-31,12,84
GROC013,2024-04-07,10,70
GROC013,2024-04-14,11,77
GROC013,2024-04-21,11,77
GROC013,2024-04-28,14,98
GROC013,2024-05-05,19,133
GROC013,2024-05-12,14,98
GROC013,2024-05-19,10,70
GROC013,2024-05-26,11,77
GROC013,2024-06-02,14,98
GROC013,2024-06-09,11,77
GROC013,2024-06-16,7,49
GROC013,2024-06-23,10,70
GROC013,2024-06-30,11,77
GROC013,2024-07-07,19,133
GROC013,2024-07-14,11,77
GROC013,2024-07-21,10,70
GROC013,2024-07-28,18,126
GROC013,2024-08-04,15,105
GROC013,2024-08-11,9,63
GROC013,2024-08-18,10,70
GROC013,2024-08-25,9,63
GROC013,2024-09-01,15,105
GROC013,2024-09-08,12,84
GROC013,2024-09-15,8,56
GROC013,2024-09-22,14,98
GROC013,2024-09-29,17,119
GROC013,2024-10-06,12,84
GROC013,2024-10-13,11,77
GROC013,2024-10-20,11,77
GROC013,2024-10-27,7,49
GROC013,2024-11-03,10,70
GROC013,2024-11-10,12,84
GROC013,2024-11-17,0,0
GROC013,2024-11-24,0,0
GROC013,2024-12-01,12,84
GROC013,2024-12-08,11,77
GROC013,2024-12-15,13,91
GROC013,2024-12-22,10,70
GROC013,2024-12-29,18,126
GROC014,2024-01-07,0,0
GROC014,2024-01-14,0,0
GROC014,2024-01-21,0,0
GROC014,2024-01-28,0,0
GROC014,2024-02-04,0,0
GROC014,2024-02-11,0,0
GROC014,2024-02-18,0,0
GROC014,2024-02-25,0,0
GROC014,2024-03-03,0,0
GROC014,2024-03-10,0,0
GROC014,2024-03-17,0,0
GROC014,2024-03-24,0,0
GROC014,2024-03-31,0,0
GROC014,2024-04-07,0,0
GROC014,2024-04-14,0,0
GROC014,2024-04-21,0,0
GROC014,2024-04-28,0,0
GROC014,2024-05-05,0,0
GROC014,2024-05-12,0,0
GROC014,2024-05-19,0,0
GROC014,2024-05-26,0,0
GROC014,2024-06-02,0,0
GROC014,2024-06-09,0,0
GROC014,2024-06-16,0,0
GROC014,2024-06-23,0,0
GROC014,2024-06-30,0,0
GROC014,2024-07-07,0,0
GROC014,2024-07-14,0,0
GROC014,2024-07-21,0,0
GROC014,2024-07-28,0,0
GROC014,2024-08-04,0,0
GROC014,2024-08-11,0,0
GROC014,2024-08-18,0,0
GROC014,2024-08-25,0,0
GROC014,2024-09-01,0,0
GROC014,2024-09-08,0,0
GROC014,2024-09-15,0,0
GROC014,2024-09-22,0,0
GROC014,2024-09-29,0,0
GROC014,2024-10-06,0,0
GROC014,2024-10-13,0,0
GROC014,2024-10-20,0,0
GROC014,2024-10-27,0,0
GROC014,2024-11-03,0,0
GROC014,2024-11-10,0,0
GROC014,2024-11-17,0,0
GROC014,2024-11-24,0,0
GROC014,2024-12-01,0,0
GROC014,2024-12-08,0,0
GROC014,2024-12-15,0,0
GROC014,2024-12-22,0,0
GROC014,2024-12-29,0,0
GROC015,2024-01-07,0,0
GROC015,2024-01-14,0,0
GROC015,2024-01-21,0,0
GROC015,2024-01-28,0,0
GROC015,2024-02-04,0,0
GROC015,2024-02-11,0,0
GROC015,2024-02-18,0,0
GROC015,2024-02-25,0,0
GROC015,2024-03-03,0,0
GROC015,2024-03-10,0,0
GROC015,2024-03-17,7,49
GROC015,2024-03-24,0,0
GROC015,2024-03-31,0,0
GROC015,2024-04-07,0,0
GROC015,2024-04-14,0,0
GROC015,2024-04-21,0,0
GROC015,2024-04-28,0,0
GROC015,2024-05-05,0,0
GROC015,2024-05-12,0,0
GROC015,2024-05-19,0,0
GROC015,2024-05-26,0,0
GROC015,2024-06-02,0,0
GROC015,2024-06-09,0,0
GROC015,2024-06-16,0,0
GROC015,2024-06-23,0,0
GROC015,2024-06-30,0,0
GROC015,2024-07-07,0,0
GROC015,2024-07-14,0,0
GROC015,2024-07-21,0,0
GROC015,2024-07-28,0,0
GROC015,2024-08-04,0,0
GROC015,2024-08-11,0,0
GROC015,2024-08-18,0,0
GROC015,2024-08-25,0,0
GROC015,2024-09-01,0,0
GROC015,2024-09-08,7,49
GROC015,2024-09-15,0,0
GROC015,2024-09-22,0,0
GROC015,2024-09-29,0,0
GROC015,2024-10-06,0,0
GROC015,2024-10-13,0,0
GROC015,2024-10-20,0,0
GROC015,2024-10-27,0,0
GROC015,2024-11-03,0,0
GROC015,2024-11-10,0,0
GROC015,2024-11-17,0,0
GROC015,2024-11-24,0,0
GROC015,2024-12-01,0,0
GROC015,2024-12-08,0,0
GROC015,2024-12-15,0,0
GROC015,2024-12-22,0,0
GROC015,2024-12-29,0,0
GROC016,2024-01-07,13,91
GROC016,2024-01-14,9,63
GROC016,2024-01-21,0,0
GROC016,2024-01-28,0,0
GROC016,2024-02-04,12,84
GROC016,2024-02-11,0,0
GROC016,2024-02-18,0,0
GROC016,2024-02-25,0,0
GROC016,2024-03-03,10,70
GROC016,2024-03-10,0,0
GROC016,2024-03-17,0,0
GROC016,2024-03-24,0,0
GROC016,2024-03-31,0,0
GROC016,2024-04-07,0,0
GROC016,2024-04-14,0,0
GROC016,2024-04-21,0,0
GROC016,2024-04-28,0,0
GROC016,2024-05-05,0,0
GROC016,2024-05-12,0,0
GROC016,2024-05-19,0,0
GROC016,2024-05-26,0,0
GROC016,2024-06-02,9,63
GROC016,2024-06-09,0,0
GROC016,2024-06-16,0,0
GROC016,2024-06-23,0,0
GROC016,2024-06-30,0,0
GROC016,2024-07-07,0,0
GROC016,2024-07-14,0,0
GROC016,2024-07-21,0,0
GROC016,2024-07-28,0,0
GROC016,2024-08-04,0,0
GROC016,2024-08-11,0,0
GROC016,2024-08-18,15,105
GROC016,2024-08-25,0,0
GROC016,2024-09-01,0,0
GROC016,2024-09-08,0,0
GROC016,2024-09-15,0,0
GROC016,2024-09-22,0,0
GROC016,2024-09-29,0,0
GROC016,2024-10-06,0,0
GROC016,2024-10-13,0,0
GROC016,2024-10-20,13,91
GROC016,2024-10-27,0,0
GROC016,2024-11-03,0,0
GROC016,2024-11-10,11,77
GROC016,2024-11-17,0,0
GROC016,2024-11-24,0,0
GROC016,2024-12-01,0,0
GROC016,2024-12-08,0,0
GROC016,2024-12-15,15,105
GROC016,2024-12-22,0,0
GROC016,2024-12-29,14,98
GROC017,2024-01-07,0,0
GROC017,2024-01-14,0,0
GROC017,2024-01-21,0,0
GROC017,2024-01-28,0,0
GROC017,2024-02-04,0,0
GROC017,2024-02-11,0,0
GROC017,2024-02-18,0,0
GROC017,2024-02-25,0,0
GROC017,2024-03-03,0,0
GROC017,2024-03-10,0,0
GROC017,2024-03-17,0,0
GROC017,2024-03-24,0,0
GROC017,2024-03-31,0,0
GROC017,2024-04-07,0,0
GROC017,2024-04-14,0,0
GROC017,2024-04-21,0,0
GROC017,2024-04-28,0,0
GROC017,2024-05-05,0,0
GROC017,2024-05-12,0,0
GROC017,2024-05-19,0,0
GROC017,2024-05-26,0,0
GROC017,2024-06-02,0,0
GROC017,2024-06-09,0,0
GROC017,2024-06-16,0,0
GROC017,2024-06-23,0,0
GROC017,2024-06-30,0,0
GROC017,2024-07-07,0,0
GROC017,2024-07-14,0,0
GROC017,2024-07-21,0,0
GROC017,2024-07-28,0,0
GROC017,2024-08-04,0,0
GROC017,2024-08-11,0,0
GROC017,2024-08-18,0,0
GROC017,2024-08-25,0,0
GROC017,2024-09-01,0,0
GROC017,2024-09-08,0,0
GROC017,2024-09-15,0,0
GROC017,2024-09-22,0,0
GROC017,2024-09-29,0,0
GROC017,2024-10-06,0,0
GROC017,2024-10-13,0,0
GROC017,2024-10-20,0,0
GROC017,2024-10-27,0,0
GROC017,2024-11-03,0,0
GROC017,2024-11-10,0,0
GROC017,2024-11-17,10,70
GROC017,2024-11-24,0,0
GROC017,2024-12-01,0,0
GROC017,2024-12-08,0,0
GROC017,2024-12-15,0,0
GROC017,2024-12-22,0,0
GROC017,2024-12-29,0,0
GROC018,2024-01-07,8,56
GROC018,2024-01-14,0,0
GROC018,2024-01-21,0,0
GROC018,2024-01-28,0,0
GROC018,2024-02-04,0,0
GROC018,2024-02-11,0,0
GROC018,2024-02-18,0,0
GROC018,2024-02-25,0,0
GROC018,2024-03-03,0,0
GROC018,2024-03-10,0,0
GROC018,2024-03-17,0,0
GROC018,2024-03-24,0,0
GROC018,2024-03-31,12,84
GROC018,2024-04-07,0,0
GROC018,2024-04-14,25,175
GROC018,2024-04-21,100,700
GROC018,2024-04-28,21,147
GROC018,2024-05-05,11,77
GROC018,2024-05-12,0,0
GROC018,2024-05-19,12,84
GROC018,2024-05-26,10,70
GROC018,2024-06-02,0,0
GROC018,2024-06-09,8,56
GROC018,2024-06-16,0,0
GROC018,2024-06-23,0,0
GROC018,2024-06-30,0,0
GROC018,2024-07-07,9,63
GROC018,2024-07-14,10,70
GROC018,2024-07-21,0,0
GROC018,2024-07-28,0,0
GROC018,2024-08-04,0,0
GROC018,2024-08-11,0,0
GROC018,2024-08-18,0,0
GROC018,2024-08-25,0,0
GROC018,2024-09-01,0,0
GROC018,2024-09-08,0,0
GROC018,2024-09-15,12,84
GROC018,2024-09-22,0,0
GROC018,2024-09-29,0,0
GROC018,2024-10-06,0,0
GROC018,2024-10-13,0,0
GROC018,2024-10-20,0,0
GROC018,2024-10-27,0,0
GROC018,2024-11-03,0,0
GROC018,2024-11-10,0,0
GROC018,2024-11-17,0,0
GROC018,2024-11-24,0,0
GROC018,2024-12-01,0,0
GROC018,2024-12-08,0,0
GROC018,2024-12-15,0,0
GROC018,2024-12-22,0,0
GROC018,2024-12-29,0,0
GROC019,2024-01-07,19,133
GROC019,2024-01-14,32,224
GROC019,2024-01-21,28,196
GROC019,2024-01-28,25,175
GROC019,2024-02-04,34,238
GROC019,2024-02-11,23,161
GROC019,2024-02-18,31,217
GROC019,2024-02-25,23,161
GROC019,2024-03-03,35,245
GROC019,2024-03-10,24,168
GROC019,2024-03-17,37,259
GROC019,2024-03-24,27,189
GROC019,2024-03-31,22,154
GROC019,2024-04-07,22,154
GROC019,2024-04-14,38,266
GROC019,2024-04-21,26,182
GROC019,2024-04-28,27,189
GROC019,2024-05-05,30,210
GROC019,2024-05-12,34,238
GROC019,2024-05-19,23,161
GROC019,2024-05-26,33,231
GROC019,2024-06-02,30,210
GROC019,2024-06-09,28,196
GROC019,2024-06-16,32,224
GROC019,2024-06-23,27,189
GROC019,2024-06-30,26,182
GROC019,2024-07-07,25,175
GROC019,2024-07-14,31,217
GROC019,2024-07-21,32,224
GROC019,2024-07-28,31,217
GROC019,2024-08-04,19,133
GROC019,2024-08-11,34,238
GROC019,2024-08-18,32,224
GROC019,2024-08-25,30,210
GROC019,2024-09-01,20,140
GROC019,2024-09-08,25,175
GROC019,2024-09-15,30,210
GROC019,2024-09-22,33,231
GROC019,2024-09-29,22,154
GROC019,2024-10-06,24,168
GROC019,2024-10-13,30,210
GROC019,2024-10-20,21,147
GROC019,2024-10-27,28,196
GROC019,2024-11-03,23,161
GROC019,2024-11-10,13,91
GROC019,2024-11-17,25,175
GROC019,2024-11-24,32,224
GROC019,2024-12-01,30,210
GROC019,2024-12-08,19,133
GROC019,2024-12-15,27,189
GROC019,2024-12-22,27,189
GROC019,2024-12-29,23,161
GROC020,2024-01-07,0,0
GROC020,2024-01-14,0,0
GROC020,2024-01-21,0,0
GROC020,2024-01-28,8,56
GROC020,2024-02-04,0,0
GROC020,2024-02-11,0,0
GROC020,2024-02-18,0,0
GROC020,2024-02-25,0,0
GROC020,2024-03-03,0,0
GROC020,2024-03-10,0,0
GROC020,2024-03-17,0,0
GROC020,2024-03-24,0,0
GROC020,2024-03-31,0,0
GROC020,2024-04-07,0,0
GROC020,2024-04-14,0,0
GROC020,2024-04-21,9,63
GROC020,2024-04-28,10,70
GROC020,2024-05-05,0,0
GROC020,2024-05-12,8,56
GROC020,2024-05-19,8,56
GROC020,2024-05-26,0,0
GROC020,2024-06-02,0,0
GROC020,2024-06-09,0,0
GROC020,2024-06-16,0,0
GROC020,2024-06-23,0,0
GROC020,2024-06-30,0,0
GROC020,2024-07-07,0,0
GROC020,2024-07-14,0,0
GROC020,2024-07-21,0,0
GROC020,2024-07-28,0,0
GROC020,2024-08-04,0,0
GROC020,2024-08-11,10,70
GROC020,2024-08-18,0,0
GROC020,2024-08-25,0,0
GROC020,2024-09-01,0,0
GROC020,2024-09-08,0,0
GROC020,2024-09-15,10,70
GROC020,2024-09-22,0,0
GROC020,2024-09-29,0,0
GROC020,2024-10-06,0,0
GROC020,2024-10-13,0,0
GROC020,2024-10-20,0,0
GROC020,2024-10-27,0,0
GROC020,2024-11-03,0,0
GROC020,2024-11-10,0,0
GROC020,2024-11-17,0,0
GROC020,2024-11-24,0,0
GROC020,2024-12-01,0,0
GROC020,2024-12-08,0,0
GROC020,2024-12-15,0,0
GROC020,2024-12-22,0,0
GROC020,2024-12-29,0,0
GROC021,2024-01-07,0,0
GROC021,2024-01-14,0,0
GROC021,2024-01-21,11,77
GROC021,2024-01-28,13,91
GROC021,2024-02-04,15,105
GROC021,2024-02-11,16,112
GROC021,2024-02-18,0,0
GROC021,2024-02-25,0,0
GROC021,2024-03-03,13,91
GROC021,2024-03-10,14,98
GROC021,2024-03-17,16,112
GROC021,2024-03-24,12,84
GROC021,2024-03-31,0,0
GROC021,2024-04-07,0,0
GROC021,2024-04-14,0,0
GROC021,2024-04-21,0,0
GROC021,2024-04-28,11,77
GROC021,2024-05-05,0,0
GROC021,2024-05-12,12,84
GROC021,2024-05-19,18,126
GROC021,2024-05-26,0,0
GROC021,2024-06-02,0,0
GROC021,2024-06-09,0,0
GROC021,2024-06-16,0,0
GROC021,2024-06-23,0,0
GROC021,2024-06-30,0,0
GROC021,2024-07-07,0,0
GROC021,2024-07-14,0,0
GROC021,2024-07-21,0,0
GROC021,2024-07-28,0,0
GROC021,2024-08-04,0,0
GROC021,2024-08-11,11,77
GROC021,2024-08-18,12,84
GROC021,2024-08-25,0,0
GROC021,2024-09-01,12,84
GROC021,2024-09-08,0,0
GROC021,2024-09-15,0,0
GROC021,2024-09-22,0,0
GROC021,2024-09-29,12,84
GROC021,2024-10-06,0,0
GROC021,2024-10-13,0,0
GROC021,2024-10-20,0,0
GROC021,2024-10-27,0,0
GROC021,2024-11-03,0,0
GROC021,2024-11-10,0,0
GROC021,2024-11-17,0,0
GROC021,2024-11-24,0,0
GROC021,2024-12-01,0,0
GROC021,2024-12-08,0,0
GROC021,2024-12-15,14,98
GROC021,2024-12-22,0,0
GROC021,2024-12-29,0,0
GROC022,2024-01-07,0,0
GROC022,2024-01-14,0,0
GROC022,2024-01-21,0,0
GROC022,2024-01-28,0,0
GROC022,2024-02-04,0,0
GROC022,2024-02-11,0,0
GROC022,2024-02-18,0,0
GROC022,2024-02-25,0,0
GROC022,2024-03-03,0,0
GROC022,2024-03-10,0,0
GROC022,2024-03-17,0,0
GROC022,2024-03-24,0,0
GROC022,2024-03-31,0,0
GROC022,2024-04-07,0,0
GROC022,2024-04-14,0,0
GROC022,2024-04-21,0,0
GROC022,2024-04-28,0,0
GROC022,2024-05-05,0,0
GROC022,2024-05-12,0,0
GROC022,2024-05-19,0,0
GROC022,2024-05-26,0,0
GROC022,2024-06-02,0,0
GROC022,2024-06-09,0,0
GROC022,2024-06-16,0,0
GROC022,2024-06-23,0,0
GROC022,2024-06-30,0,0
GROC022,2024-07-07,15,105
GROC022,2024-07-14,0,0
GROC022,2024-07-21,0,0
GROC022,2024-07-28,0,0
GROC022,2024-08-04,12,84
GROC022,2024-08-11,0,0
GROC022,2024-08-18,0,0
GROC022,2024-08-25,0,0
GROC022,2024-09-01,0,0
GROC022,2024-09-08,0,0
GROC022,2024-09-15,0,0
GROC022,2024-09-22,0,0
GROC022,2024-09-29,0,0
GROC022,2024-10-06,0,0
GROC022,2024-10-13,0,0
GROC022,2024-10-20,0,0
GROC022,2024-10-27,0,0
GROC022,2024-11-03,0,0
GROC022,2024-11-10,0,0
GROC022,2024-11-17,0,0
GROC022,2024-11-24,0,0
GROC022,2024-12-01,0,0
GROC022,2024-12-08,0,0
GROC022,2024-12-15,0,0
GROC022,2024-12-22,0,0
GROC022,2024-12-29,0,0
GROC023,2024-01-07,93,651
GROC023,2024-01-14,85,595
GROC023,2024-01-21,83,581
GROC023,2024-01-28,75,525
GROC023,2024-02-04,98,686
GROC023,2024-02-11,100,700
GROC023,2024-02-18,91,637
GROC023,2024-02-25,84,588
GROC023,2024-03-03,97,679
GROC023,2024-03-10,79,553
GROC023,2024-03-17,87,609
GROC023,2024-03-24,92,644
GROC023,2024-03-31,73,511
GROC023,2024-04-07,76,532
GROC023,2024-04-14,95,665
GROC023,2024-04-21,75,525
GROC023,2024-04-28,78,546
GROC023,2024-05-05,80,560
GROC023,2024-05-12,73,511
GROC023,2024-05-19,82,574
GROC023,2024-05-26,63,441
GROC023,2024-06-02,55,385
GROC023,2024-06-09,57,399
GROC023,2024-06-16,71,497
GROC023,2024-06-23,64,448
GROC023,2024-06-30,69,483
GROC023,2024-07-07,72,504
GROC023,2024-07-14,77,539
GROC023,2024-07-21,76,532
GROC023,2024-07-28,74,518
GROC023,2024-08-04,63,441
GROC023,2024-08-11,80,560
GROC023,2024-08-18,78,546
GROC023,2024-08-25,67,469
GROC023,2024-09-01,82,574
GROC023,2024-09-08,91,637
GROC023,2024-09-15,74,518
GROC023,2024-09-22,100,700
GROC023,2024-09-29,72,504
GROC023,2024-10-06,76,532
GROC023,2024-10-13,67,469
GROC023,2024-10-20,63,441
GROC023,2024-10-27,50,350
GROC023,2024-11-03,51,357
GROC023,2024-11-10,66,462
GROC023,2024-11-17,85,595
GROC023,2024-11-24,88,616
GROC023,2024-12-01,85,595
GROC023,2024-12-08,81,567
GROC023,2024-12-15,86,602
GROC023,2024-12-22,98,686
GROC023,2024-12-29,83,581
GROC024,2024-01-07,0,0
GROC024,2024-01-14,0,0
GROC024,2024-01-21,0,0
GROC024,2024-01-28,0,0
GROC024,2024-02-04,0,0
GROC024,2024-02-11,0,0
GROC024,2024-02-18,0,0
GROC024,2024-02-25,0,0
GROC024,2024-03-03,0,0
GROC024,2024-03-10,0,0
GROC024,2024-03-17,0,0
GROC024,2024-03-24,0,0
GROC024,2024-03-31,0,0
GROC024,2024-04-07,0,0
GROC024,2024-04-14,0,0
GROC024,2024-04-21,0,0
GROC024,2024-04-28,0,0
GROC024,2024-05-05,0,0
GROC024,2024-05-12,0,0
GROC024,2024-05-19,0,0
GROC024,2024-05-26,0,0
GROC024,2024-06-02,0,0
GROC024,2024-06-09,0,0
GROC024,2024-06-16,0,0
GROC024,2024-06-23,0,0
GROC024,2024-06-30,0,0
GROC024,2024-07-07,0,0
GROC024,2024-07-14,0,0
GROC024,2024-07-21,0,0
GROC024,2024-07-28,0,0
GROC024,2024-08-04,0,0
GROC024,2024-08-11,0,0
GROC024,2024-08-18,0,0
GROC024,2024-08-25,0,0
GROC024,2024-09-01,0,0
GROC024,2024-09-08,0,0
GROC024,2024-09-15,0,0
GROC024,2024-09-22,0,0
GROC024,2024-09-29,0,0
GROC024,2024-10-06,0,0
GROC024,2024-10-13,0,0
GROC024,2024-10-20,0,0
GROC024,2024-10-27,0,0
GROC024,2024-11-03,0,0
GROC024,2024-11-10,0,0
GROC024,2024-11-17,0,0
GROC024,2024-11-24,0,0
GROC024,2024-12-01,0,0
GROC024,2024-12-08,0,0
GROC024,2024-12-15,0,0
GROC024,2024-12-22,0,0
GROC024,2024-12-29,0,0
GROC025,2024-01-07,0,0
GROC025,2024-01-14,0,0
GROC025,2024-01-21,0,0
GROC025,2024-01-28,0,0
GROC025,2024-02-04,0,0
GROC025,2024-02-11,0,0
GROC025,2024-02-18,0,0
GROC025,2024-02-25,0,0
GROC025,2024-03-03,0,0
GROC025,2024-03-10,0,0
GROC025,2024-03-17,0,0
GROC025,2024-03-24,0,0
GROC025,2024-03-31,0,0
GROC025,2024-04-07,0,0
GROC025,2024-04-14,0,0
GROC025,2024-04-21,0,0
GROC025,2024-04-28,0,0
GROC025,2024-05-05,0,0
GROC025,2024-05-12,11,77
GROC025,2024-05-19,0,0
GROC025,2024-05-26,0,0
GROC025,2024-06-02,0,0
GROC025,2024-06-09,0,0
GROC025,2024-06-16,0,0
GROC025,2024-06-23,0,0
GROC025,2024-06-30,0,0
GROC025,2024-07-07,0,0
GROC025,2024-07-14,0,0
GROC025,2024-07-21,0,0
GROC025,2024-07-28,0,0
GROC025,2024-08-04,0,0
GROC025,2024-08-11,0,0
GROC025,2024-08-18,0,0
GROC025,2024-08-25,0,0
GROC025,2024-09-01,0,0
GROC025,2024-09-08,0,0
GROC025,2024-09-15,0,0
GROC025,2024-09-22,0,0
GROC025,2024-09-29,0,0
GROC025,2024-10-06,0,0
GROC025,2024-10-13,0,0
GROC025,2024-10-20,0,0
GROC025,2024-10-27,0,0
GROC025,2024-11-03,0,0
GROC025,2024-11-10,13,91
GROC025,2024-11-17,0,0
GROC025,2024-11-24,0,0
GROC025,2024-12-01,0,0
GROC025,2024-12-08,0,0
GROC025,2024-12-15,0,0
GROC025,2024-12-22,0,0
GROC025,2024-12-29,0,0
GROC026,2024-01-07,95,665
GROC026,2024-01-14,91,637
GROC026,2024-01-21,86,602
GROC026,2024-01-28,85,595
GROC026,2024-02-04,81,567
GROC026,2024-02-11,84,588
GROC026,2024-02-18,76,532
GROC026,2024-02-25,76,532
GROC026,2024-03-03,85,595
GROC026,2024-03-10,82,574
GROC026,2024-03-17,79,553
GROC026,2024-03-24,86,602
GROC026,2024-03-31,75,525
GROC026,2024-04-07,75,525
GROC026,2024-04-14,76,532
GROC026,2024-04-21,79,553
GROC026,2024-04-28,71,497
GROC026,2024-05-05,74,518
GROC026,2024-05-12,80,560
GROC026,2024-05-19,71,497
GROC026,2024-05-26,73,511
GROC026,2024-06-02,76,532
GROC026,2024-06-09,64,448
GROC026,2024-06-16,70,490
GROC026,2024-06-23,71,497
GROC026,2024-06-30,75,525
GROC026,2024-07-07,79,553
GROC026,2024-07-14,76,532
GROC026,2024-07-21,85,595
GROC026,2024-07-28,86,602
GROC026,2024-08-04,77,539
GROC026,2024-08-11,83,581
GROC026,2024-08-18,81,567
GROC026,2024-08-25,79,553
GROC026,2024-09-01,100,700
GROC026,2024-09-08,77,539
GROC026,2024-09-15,78,546
GROC026,2024-09-22,78,546
GROC026,2024-09-29,80,560
GROC026,2024-10-06,71,497
GROC026,2024-10-13,67,469
GROC026,2024-10-20,79,553
GROC026,2024-10-27,66,462
GROC026,2024-11-03,62,434
GROC026,2024-11-10,75,525
GROC026,2024-11-17,72,504
GROC026,2024-11-24,76,532
GROC026,2024-12-01,76,532
GROC026,2024-12-08,90,630
GROC026,2024-12-15,83,581
GROC026,2024-12-22,90,630
GROC026,2024-12-29,80,560
GROC027,2024-01-07,77,539
GROC027,2024-01-14,89,623
GROC027,2024-01-21,79,553
GROC027,2024-01-28,77,539
GROC027,2024-02-04,76,532
GROC027,2024-02-11,69,483
GROC027,2024-02-18,73,511
GROC027,2024-02-25,69,483
GROC027,2024-03-03,85,595
GROC027,2024-03-10,77,539
GROC027,2024-03-17,88,616
GROC027,2024-03-24,89,623
GROC027,2024-03-31,76,532
GROC027,2024-04-07,73,511
GROC027,2024-04-14,70,490
GROC027,2024-04-21,64,448
GROC027,2024-04-28,69,483
GROC027,2024-05-05,70,490
GROC027,2024-05-12,68,476
GROC027,2024-05-19,68,476
GROC027,2024-05-26,69,483
GROC027,2024-06-02,64,448
GROC027,2024-06-09,66,462
GROC027,2024-06-16,85,595
GROC027,2024-06-23,75,525
GROC027,2024-06-30,67,469
GROC027,2024-07-07,78,546
GROC027,2024-07-14,79,553
GROC027,2024-07-21,80,560
GROC027,2024-07-28,82,574
GROC027,2024-08-04,81,567
GROC027,2024-08-11,77,539
GROC027,2024-08-18,77,539
GROC027,2024-08-25,80,560
GROC027,2024-09-01,70,490
GROC027,2024-09-08,69,483
GROC027,2024-09-15,74,518
GROC027,2024-09-22,71,497
GROC027,2024-09-29,67,469
GROC027,2024-10-06,72,504
GROC027,2024-10-13,65,455
GROC027,2024-10-20,58,406
GROC027,2024-10-27,71,497
GROC027,2024-11-03,62,434
GROC027,2024-11-10,66,462
GROC027,2024-11-17,69,483
GROC027,2024-11-24,67,469
GROC027,2024-12-01,61,427
GROC027,2024-12-08,79,553
GROC027,2024-12-15,64,448
GROC027,2024-12-22,73,511
GROC027,2024-12-29,70,490
GROC028,2024-01-07,0,0
GROC028,2024-01-14,0,0
GROC028,2024-01-21,3,21
GROC028,2024-01-28,0,0
GROC028,2024-02-04,0,0
GROC028,2024-02-11,0,0
GROC028,2024-02-18,0,0
GROC028,2024-02-25,0,0
GROC028,2024-03-03,0,0
GROC028,2024-03-10,0,0
GROC028,2024-03-17,0,0
GROC028,2024-03-24,0,0
GROC028,2024-03-31,0,0
GROC028,2024-04-07,0,0
GROC028,2024-04-14,0,0
GROC028,2024-04-21,0,0
GROC028,2024-04-28,0,0
GROC028,2024-05-05,0,0
GROC028,2024-05-12,0,0
GROC028,2024-05-19,0,0
GROC028,2024-05-26,0,0
GROC028,2024-06-02,0,0
GROC028,2024-06-09,0,0
GROC028,2024-06-16,0,0
GROC028,2024-06-23,0,0
GROC028,2024-06-30,3,21
GROC028,2024-07-07,0,0
GROC028,2024-07-14,0,0
GROC028,2024-07-21,0,0
GROC028,2024-07-28,0,0
GROC028,2024-08-04,0,0
GROC028,2024-08-11,0,0
GROC028,2024-08-18,0,0
GROC028,2024-08-25,0,0
GROC028,2024-09-01,0,0
GROC028,2024-09-08,0,0
GROC028,2024-09-15,0,0
GROC028,2024-09-22,0,0
GROC028,2024-09-29,0,0
GROC028,2024-10-06,0,0
GROC028,2024-10-13,0,0
GROC028,2024-10-20,0,0
GROC028,2024-10-27,0,0
GROC028,2024-11-03,0,0
GROC028,2024-11-10,0,0
GROC028,2024-11-17,0,0
GROC028,2024-11-24,0,0
GROC028,2024-12-01,0,0
GROC028,2024-12-08,0,0
GROC028,2024-12-15,0,0
GROC028,2024-12-22,0,0
GROC028,2024-12-29,0,0
GROC029,2024-01-07,0,0
GROC029,2024-01-14,3,21
GROC029,2024-01-21,0,0
GROC029,2024-01-28,0,0
GROC029,2024-02-04,0,0
GROC029,2024-02-11,3,21
GROC029,2024-02-18,3,21
GROC029,2024-02-25,0,0
GROC029,2024-03-03,0,0
GROC029,2024-03-10,3,21
GROC029,2024-03-17,4,28
GROC029,2024-03-24,0,0
GROC029,2024-03-31,0,0
GROC029,2024-04-07,5,35
GROC029,2024-04-14,0,0
GROC029,2024-04-21,0,0
GROC029,2024-04-28,0,0
GROC029,2024-05-05,6,42
GROC029,2024-05-12,4,28
GROC029,2024-05-19,0,0
GROC029,2024-05-26,0,0
GROC029,2024-06-02,0,0
GROC029,2024-06-09,0,0
GROC029,2024-06-16,3,21
GROC029,2024-06-23,0,0
GROC029,2024-06-30,0,0
GROC029,2024-07-07,4,28
GROC029,2024-07-14,0,0
GROC029,2024-07-21,0,0
GROC029,2024-07-28,5,35
GROC029,2024-08-04,6,42
GROC029,2024-08-11,0,0
GROC029,2024-08-18,6,42
GROC029,2024-08-25,4,28
GROC029,2024-09-01,6,42
GROC029,2024-09-08,3,21
GROC029,2024-09-15,0,0
GROC029,2024-09-22,6,42
GROC029,2024-09-29,5,35
GROC029,2024-10-06,3,21
GROC029,2024-10-13,0,0
GROC029,2024-10-20,0,0
GROC029,2024-10-27,0,0
GROC029,2024-11-03,0,0
GROC029,2024-11-10,0,0
GROC029,2024-11-17,3,21
GROC029,2024-11-24,4,28
GROC029,2024-12-01,0,0
GROC029,2024-12-08,3,21
GROC029,2024-12-15,4,28
GROC029,2024-12-22,5,35
GROC029,2024-12-29,4,28
GROC030,2024-01-07,0,0
GROC030,2024-01-14,0,0
GROC030,2024-01-21,0,0
GROC030,2024-01-28,0,0
GROC030,2024-02-04,0,0
GROC030,2024-02-11,0,0
GROC030,2024-02-18,0,0
GROC030,2024-02-25,0,0
GROC030,2024-03-03,0,0
GROC030,2024-03-10,0,0
GROC030,2024-03-17,0,0
GROC030,2024-03-24,0,0
GROC030,2024-03-31,0,0
GROC030,2024-04-07,0,0
GROC030,2024-04-14,0,0
GROC030,2024-04-21,0,0
GROC030,2024-04-28,0,0
GROC030,2024-05-05,0,0
GROC030,2024-05-12,0,0
GROC030,2024-05-19,0,0
GROC030,2024-05-26,0,0
GROC030,2024-06-02,0,0
GROC030,2024-06-09,0,0
GROC030,2024-06-16,0,0
GROC030,2024-06-23,0,0
GROC030,2024-06-30,0,0
GROC030,2024-07-07,0,0
GROC030,2024-07-14,0,0
GROC030,2024-07-21,0,0
GROC030,2024-07-28,0,0
GROC030,2024-08-04,0,0
GROC030,2024-08-11,0,0
GROC030,2024-08-18,0,0
GROC030,2024-08-25,0,0
GROC030,2024-09-01,0,0
GROC030,2024-09-08,0,0
GROC030,2024-09-15,0,0
GROC030,2024-09-22,0,0
GROC030,2024-09-29,0,0
GROC030,2024-10-06,0,0
GROC030,2024-10-13,0,0
GROC030,2024-10-20,0,0
GROC030,2024-10-27,0,0
GROC030,2024-11-03,0,0
GROC030,2024-11-10,0,0
GROC030,2024-11-17,0,0
GROC030,2024-11-24,0,0
GROC030,2024-12-01,0,0
GROC030,2024-12-08,0,0
GROC030,2024-12-15,0,0
GROC030,2024-12-22,0,0
GROC030,2024-12-29,0,0
GROC031,2024-01-07,0,0
GROC031,2024-01-14,0,0
GROC031,2024-01-21,0,0
GROC031,2024-01-28,0,0
GROC031,2024-02-04,0,0
GROC031,2024-02-11,0,0
GROC031,2024-02-18,0,0
GROC031,2024-02-25,0,0
GROC031,2024-03-03,0,0
GROC031,2024-03-10,0,0
GROC031,2024-03-17,99,693
GROC031,2024-03-24,69,483
GROC031,2024-03-31,83,581
GROC031,2024-04-07,66,462
GROC031,2024-04-14,69,483
GROC031,2024-04-21,0,0
GROC031,2024-04-28,37,259
GROC031,2024-05-05,32,224
GROC031,2024-05-12,0,0
GROC031,2024-05-19,33,231
GROC031,2024-05-26,0,0
GROC031,2024-06-02,0,0
GROC031,2024-06-09,33,231
GROC031,2024-06-16,35,245
GROC031,2024-06-23,36,252
GROC031,2024-06-30,0,0
GROC031,2024-07-07,0,0
GROC031,2024-07-14,0,0
GROC031,2024-07-21,35,245
GROC031,2024-07-28,0,0
GROC031,2024-08-04,0,0
GROC031,2024-08-11,0,0
GROC031,2024-08-18,0,0
GROC031,2024-08-25,0,0
GROC031,2024-09-01,0,0
GROC031,2024-09-08,0,0
GROC031,2024-09-15,33,231
GROC031,2024-09-22,0,0
GROC031,2024-09-29,0,0
GROC031,2024-10-06,0,0
GROC031,2024-10-13,0,0
GROC031,2024-10-20,0,0
GROC031,2024-10-27,0,0
GROC031,2024-11-03,0,0
GROC031,2024-11-10,0,0
GROC031,2024-11-17,0,0
GROC031,2024-11-24,0,0
GROC031,2024-12-01,0,0
GROC031,2024-12-08,0,0
GROC031,2024-12-15,0,0
GROC031,2024-12-22,0,0
GROC031,2024-12-29,0,0
GROC032,2024-01-07,0,0
GROC032,2024-01-14,0,0
GROC032,2024-01-21,0,0
GROC032,2024-01-28,0,0
GROC032,2024-02-04,68,476
GROC032,2024-02-11,46,322
GROC032,2024-02-18,0,0
GROC032,2024-02-25,0,0
GROC032,2024-03-03,0,0
GROC032,2024-03-10,0,0
GROC032,2024-03-17,0,0
GROC032,2024-03-24,42,294
GROC032,2024-03-31,35,245
GROC032,2024-04-07,0,0
GROC032,2024-04-14,0,0
GROC032,2024-04-21,0,0
GROC032,2024-04-28,35,245
GROC032,2024-05-05,72,504
GROC032,2024-05-12,44,308
GROC032,2024-05-19,0,0
GROC032,2024-05-26,43,301
GROC032,2024-06-02,51,357
GROC032,2024-06-09,0,0
GROC032,2024-06-16,0,0
GROC032,2024-06-23,0,0
GROC032,2024-06-30,0,0
GROC032,2024-07-07,40,280
GROC032,2024-07-14,37,259
GROC032,2024-07-21,0,0
GROC032,2024-07-28,0,0
GROC032,2024-08-04,0,0
GROC032,2024-08-11,0,0
GROC032,2024-08-18,0,0
GROC032,2024-08-25,0,0
GROC032,2024-09-01,48,336
GROC032,2024-09-08,36,252
GROC032,2024-09-15,36,252
GROC032,2024-09-22,0,0
GROC032,2024-09-29,0,0
GROC032,2024-10-06,0,0
GROC032,2024-10-13,0,0
GROC032,2024-10-20,0,0
GROC032,2024-10-27,0,0
GROC032,2024-11-03,0,0
GROC032,2024-11-10,0,0
GROC032,2024-11-17,0,0
GROC032,2024-11-24,0,0
GROC032,2024-12-01,0,0
GROC032,2024-12-08,0,0
GROC032,2024-12-15,0,0
GROC032,2024-12-22,0,0
GROC032,2024-12-29,0,0
GROC033,2024-01-07,49,343
GROC033,2024-01-14,29,203
GROC033,2024-01-21,0,0
GROC033,2024-01-28,41,287
GROC033,2024-02-04,0,0
GROC033,2024-02-11,43,301
GROC033,2024-02-18,32,224
GROC033,2024-02-25,33,231
GROC033,2024-03-03,46,322
GROC033,2024-03-10,0,0
GROC033,2024-03-17,46,322
GROC033,2024-03-24,39,273
GROC033,2024-03-31,41,287
GROC033,2024-04-07,0,0
GROC033,2024-04-14,0,0
GROC033,2024-04-21,50,350
GROC033,2024-04-28,0,0
GROC033,2024-05-05,42,294
GROC033,2024-05-12,0,0
GROC033,2024-05-19,41,287
GROC033,2024-05-26,36,252
GROC033,2024-06-02,0,0
GROC033,2024-06-09,38,266
GROC033,2024-06-16,41,287
GROC033,2024-06-23,42,294
GROC033,2024-06-30,40,280
GROC033,2024-07-07,0,0
GROC033,2024-07-14,36,252
GROC033,2024-07-21,0,0
GROC033,2024-07-28,34,238
GROC033,2024-08-04,47,329
GROC033,2024-08-11,0,0
GROC033,2024-08-18,0,0
GROC033,2024-08-25,55,385
GROC033,2024-09-01,0,0
GROC033,2024-09-08,38,266
GROC033,2024-09-15,40,280
GROC033,2024-09-22,38,266
GROC033,2024-09-29,0,0
GROC033,2024-10-06,38,266
GROC033,2024-10-13,44,308
GROC033,2024-10-20,37,259
GROC033,2024-10-27,0,0
GROC033,2024-11-03,42,294
GROC033,2024-11-10,42,294
GROC033,2024-11-17,0,0
GROC033,2024-11-24,0,0
GROC033,2024-12-01,0,0
GROC033,2024-12-08,0,0
GROC033,2024-12-15,0,0
GROC033,2024-12-22,0,0
GROC033,2024-12-29,58,406
GROC034,2024-01-07,0,0
GROC034,2024-01-14,0,0
GROC034,2024-01-21,0,0
GROC034,2024-01-28,0,0
GROC034,2024-02-04,0,0
GROC034,2024-02-11,0,0
GROC034,2024-02-18,0,0
GROC034,2024-02-25,0,0
GROC034,2024-03-03,0,0
GROC034,2024-03-10,0,0
GROC034,2024-03-17,0,0
GROC034,2024-03-24,0,0
GROC034,2024-03-31,0,0
GROC034,2024-04-07,36,252
GROC034,2024-04-14,0,0
GROC034,2024-04-21,0,0
GROC034,2024-04-28,0,0
GROC034,2024-05-05,0,0
GROC034,2024-05-12,37,259
GROC034,2024-05-19,0,0
GROC034,2024-05-26,0,0
GROC034,2024-06-02,0,0
GROC034,2024-06-09,0,0
GROC034,2024-06-16,0,0
GROC034,2024-06-23,0,0
GROC034,2024-06-30,32,224
GROC034,2024-07-07,0,0
GROC034,2024-07-14,0,0
GROC034,2024-07-21,0,0
GROC034,2024-07-28,33,231
GROC034,2024-08-04,0,0
GROC034,2024-08-11,0,0
GROC034,2024-08-18,0,0
GROC034,2024-08-25,0,0
GROC034,2024-09-01,0,0
GROC034,2024-09-08,0,0
GROC034,2024-09-15,0,0
GROC034,2024-09-22,0,0
GROC034,2024-09-29,0,0
GROC034,2024-10-06,0,0
GROC034,2024-10-13,0,0
GROC034,2024-10-20,0,0
GROC034,2024-10-27,0,0
GROC034,2024-11-03,0,0
GROC034,2024-11-10,0,0
GROC034,2024-11-17,0,0
GROC034,2024-11-24,0,0
GROC034,2024-12-01,0,0
GROC034,2024-12-08,0,0
GROC034,2024-12-15,0,0
GROC034,2024-12-22,0,0
GROC034,2024-12-29,0,0
GROC035,2024-01-07,59,413
GROC035,2024-01-14,50,350
GROC035,2024-01-21,53,371
GROC035,2024-01-28,47,329
GROC035,2024-02-04,42,294
GROC035,2024-02-11,74,518
GROC035,2024-02-18,46,322
GROC035,2024-02-25,75,525
GROC035,2024-03-03,58,406
GROC035,2024-03-10,61,427
GROC035,2024-03-17,54,378
GROC035,2024-03-24,57,399
GROC035,2024-03-31,67,469
GROC035,2024-04-07,40,280
GROC035,2024-04-14,94,658
GROC035,2024-04-21,42,294
GROC035,2024-04-28,61,427
GROC035,2024-05-05,67,469
GROC035,2024-05-12,41,287
GROC035,2024-05-19,54,378
GROC035,2024-05-26,54,378
GROC035,2024-06-02,88,616
GROC035,2024-06-09,36,252
GROC035,2024-06-16,62,434
GROC035,2024-06-23,56,392
GROC035,2024-06-30,39,273
GROC035,2024-07-07,66,462
GROC035,2024-07-14,60,420
GROC035,2024-07-21,59,413
GROC035,2024-07-28,41,287
GROC035,2024-08-04,60,420
GROC035,2024-08-11,42,294
GROC035,2024-08-18,56,392
GROC035,2024-08-25,56,392
GROC035,2024-09-01,60,420
GROC035,2024-09-08,100,700
GROC035,2024-09-15,40,280
GROC035,2024-09-22,39,273
GROC035,2024-09-29,47,329
GROC035,2024-10-06,67,469
GROC035,2024-10-13,51,357
GROC035,2024-10-20,34,238
GROC035,2024-10-27,56,392
GROC035,2024-11-03,74,518
GROC035,2024-11-10,52,364
GROC035,2024-11-17,64,448
GROC035,2024-11-24,0,0
GROC035,2024-12-01,0,0
GROC035,2024-12-08,76,532
GROC035,2024-12-15,67,469
GROC035,2024-12-22,38,266
GROC035,2024-12-29,50,350
GROC036,2024-01-07,99,693
GROC036,2024-01-14,76,532
GROC036,2024-01-21,57,399
GROC036,2024-01-28,54,378
GROC036,2024-02-04,83,581
GROC036,2024-02-11,81,567
GROC036,2024-02-18,55,385
GROC036,2024-02-25,57,399
GROC036,2024-03-03,73,511
GROC036,2024-03-10,78,546
GROC036,2024-03-17,64,448
GROC036,2024-03-24,59,413
GROC036,2024-03-31,41,287
GROC036,2024-04-07,75,525
GROC036,2024-04-14,76,532
GROC036,2024-04-21,51,357
GROC036,2024-04-28,54,378
GROC036,2024-05-05,69,483
GROC036,2024-05-12,79,553
GROC036,2024-05-19,52,364
GROC036,2024-05-26,57,399
GROC036,2024-06-02,60,420
GROC036,2024-06-09,66,462
GROC036,2024-06-16,66,462
GROC036,2024-06-23,46,322
GROC036,2024-06-30,52,364
GROC036,2024-07-07,79,553
GROC036,2024-07-14,49,343
GROC036,2024-07-21,57,399
GROC036,2024-07-28,66,462
GROC036,2024-08-04,73,511
GROC036,2024-08-11,58,406
GROC036,2024-08-18,59,413
GROC036,2024-08-25,54,378
GROC036,2024-09-01,64,448
GROC036,2024-09-08,75,525
GROC036,2024-09-15,53,371
GROC036,2024-09-22,61,427
GROC036,2024-09-29,51,357
GROC036,2024-10-06,53,371
GROC036,2024-10-13,58,406
GROC036,2024-10-20,57,399
GROC036,2024-10-27,43,301
GROC036,2024-11-03,90,630
GROC036,2024-11-10,51,357
GROC036,2024-11-17,46,322
GROC036,2024-11-24,49,343
GROC036,2024-12-01,53,371
GROC036,2024-12-08,55,385
GROC036,2024-12-15,44,308
GROC036,2024-12-22,51,357
GROC036,2024-12-29,40,280
GROC008,2024-01-07,63,441
GROC008,2024-01-14,69,483
GROC008,2024-01-21,58,406
GROC008,2024-01-28,83,581
GROC008,2024-02-04,85,595
GROC008,2024-02-11,58,406
GROC008,2024-02-18,45,315
GROC008,2024-02-25,59,413
GROC008,2024-03-03,54,378
GROC008,2024-03-10,75,525
GROC008,2024-03-17,64,448
GROC008,2024-03-24,48,336
GROC008,2024-03-31,59,413
GROC008,2024-04-07,58,406
GROC008,2024-04-14,56,392
GROC008,2024-04-21,63,441
GROC008,2024-04-28,68,476
GROC008,2024-05-05,67,469
GROC008,2024-05-12,55,385
GROC008,2024-05-19,77,539
GROC008,2024-05-26,67,469
GROC008,2024-06-02,76,532
GROC008,2024-06-09,67,469
GROC008,2024-06-16,58,406
GROC008,2024-06-23,65,455
GROC008,2024-06-30,76,532
GROC008,2024-07-07,88,616
GROC008,2024-07-14,66,462
GROC008,2024-07-21,88,616
GROC008,2024-07-28,100,700
GROC008,2024-08-04,100,700
GROC008,2024-08-11,80,560
GROC008,2024-08-18,93,651
GROC008,2024-08-25,77,539
GROC008,2024-09-01,92,644
GROC008,2024-09-08,92,644
GROC008,2024-09-15,72,504
GROC008,2024-09-22,64,448
GROC008,2024-09-29,80,560
GROC008,2024-10-06,66,462
GROC008,2024-10-13,77,539
GROC008,2024-10-20,85,595
GROC008,2024-10-27,95,665
GROC008,2024-11-03,90,630
GROC008,2024-11-10,74,518
GROC008,2024-11-17,69,483
GROC008,2024-11-24,79,553
GROC008,2024-12-01,79,553
GROC008,2024-12-08,78,546
GROC008,2024-12-15,80,560
GROC008,2024-12-22,56,392
GROC008,2024-12-29,71,497
GROC038,2024-01-07,20,140
GROC038,2024-01-14,18,126
GROC038,2024-01-21,13,91
GROC038,2024-01-28,14,98
GROC038,2024-02-04,22,154
GROC038,2024-02-11,13,91
GROC038,2024-02-18,30,210
GROC038,2024-02-25,14,98
GROC038,2024-03-03,27,189
GROC038,2024-03-10,0,0
GROC038,2024-03-17,21,147
GROC038,2024-03-24,26,182
GROC038,2024-03-31,13,91
GROC038,2024-04-07,26,182
GROC038,2024-04-14,26,182
GROC038,2024-04-21,20,140
GROC038,2024-04-28,16,112
GROC038,2024-05-05,19,133
GROC038,2024-05-12,18,126
GROC038,2024-05-19,15,105
GROC038,2024-05-26,23,161
GROC038,2024-06-02,20,140
GROC038,2024-06-09,20,140
GROC038,2024-06-16,24,168
GROC038,2024-06-23,23,161
GROC038,2024-06-30,18,126
GROC038,2024-07-07,28,196
GROC038,2024-07-14,25,175
GROC038,2024-07-21,15,105
GROC038,2024-07-28,20,140
GROC038,2024-08-04,14,98
GROC038,2024-08-11,25,175
GROC038,2024-08-18,13,91
GROC038,2024-08-25,12,84
GROC038,2024-09-01,19,133
GROC038,2024-09-08,16,112
GROC038,2024-09-15,30,210
GROC038,2024-09-22,28,196
GROC038,2024-09-29,42,294
GROC038,2024-10-06,34,238
GROC038,2024-10-13,26,182
GROC038,2024-10-20,26,182
GROC038,2024-10-27,17,119
GROC038,2024-11-03,23,161
GROC038,2024-11-10,14,98
GROC038,2024-11-17,37,259
GROC038,2024-11-24,21,147
GROC038,2024-12-01,18,126
GROC038,2024-12-08,20,140
GROC038,2024-12-15,31,217
GROC038,2024-12-22,24,168
GROC038,2024-12-29,0,0
GROC039,2024-01-07,0,0
GROC039,2024-01-14,0,0
GROC039,2024-01-21,0,0
GROC039,2024-01-28,0,0
GROC039,2024-02-04,0,0
GROC039,2024-02-11,0,0
GROC039,2024-02-18,0,0
GROC039,2024-02-25,0,0
GROC039,2024-03-03,0,0
GROC039,2024-03-10,0,0
GROC039,2024-03-17,0,0
GROC039,2024-03-24,0,0
GROC039,2024-03-31,0,0
GROC039,2024-04-07,0,0
GROC039,2024-04-14,0,0
GROC039,2024-04-21,0,0
GROC039,2024-04-28,0,0
GROC039,2024-05-05,0,0
GROC039,2024-05-12,0,0
GROC039,2024-05-19,0,0
GROC039,2024-05-26,0,0
GROC039,2024-06-02,0,0
GROC039,2024-06-09,0,0
GROC039,2024-06-16,13,91
GROC039,2024-06-23,0,0
GROC039,2024-06-30,0,0
GROC039,2024-07-07,0,0
GROC039,2024-07-14,0,0
GROC039,2024-07-21,0,0
GROC039,2024-07-28,0,0
GROC039,2024-08-04,0,0
GROC039,2024-08-11,0,0
GROC039,2024-08-18,0,0
GROC039,2024-08-25,0,0
GROC039,2024-09-01,0,0
GROC039,2024-09-08,0,0
GROC039,2024-09-15,0,0
GROC039,2024-09-22,0,0
GROC039,2024-09-29,0,0
GROC039,2024-10-06,0,0
GROC039,2024-10-13,0,0
GROC039,2024-10-20,0,0
GROC039,2024-10-27,0,0
GROC039,2024-11-03,0,0
GROC039,2024-11-10,0,0
GROC039,2024-11-17,0,0
GROC039,2024-11-24,0,0
GROC039,2024-12-01,0,0
GROC039,2024-12-08,0,0
GROC039,2024-12-15,0,0
GROC039,2024-12-22,0,0
GROC039,2024-12-29,0,0
GROC040,2024-01-07,0,0
GROC040,2024-01-14,0,0
GROC040,2024-01-21,0,0
GROC040,2024-01-28,0,0
GROC040,2024-02-04,0,0
GROC040,2024-02-11,0,0
GROC040,2024-02-18,0,0
GROC040,2024-02-25,0,0
GROC040,2024-03-03,0,0
GROC040,2024-03-10,0,0
GROC040,2024-03-17,0,0
GROC040,2024-03-24,0,0
GROC040,2024-03-31,0,0
GROC040,2024-04-07,0,0
GROC040,2024-04-14,0,0
GROC040,2024-04-21,0,0
GROC040,2024-04-28,0,0
GROC040,2024-05-05,0,0
GROC040,2024-05-12,0,0
GROC040,2024-05-19,0,0
GROC040,2024-05-26,0,0
GROC040,2024-06-02,0,0
GROC040,2024-06-09,0,0
GROC040,2024-06-16,0,0
GROC040,2024-06-23,0,0
GROC040,2024-06-30,0,0
GROC040,2024-07-07,0,0
GROC040,2024-07-14,0,0
GROC040,2024-07-21,0,0
GROC040,2024-07-28,0,0
GROC040,2024-08-04,0,0
GROC040,2024-08-11,0,0
GROC040,2024-08-18,0,0
GROC040,2024-08-25,0,0
GROC040,2024-09-01,0,0
GROC040,2024-09-08,0,0
GROC040,2024-09-15,0,0
GROC040,2024-09-22,0,0
GROC040,2024-09-29,0,0
GROC040,2024-10-06,0,0
GROC040,2024-10-13,0,0
GROC040,2024-10-20,0,0
GROC040,2024-10-27,0,0
GROC040,2024-11-03,0,0
GROC040,2024-11-10,0,0
GROC040,2024-11-17,0,0
GROC040,2024-11-24,0,0
GROC040,2024-12-01,0,0
GROC040,2024-12-08,0,0
GROC040,2024-12-15,0,0
GROC040,2024-12-22,0,0
GROC040,2024-12-29,0,0
GROC041,2024-01-07,0,0
GROC041,2024-01-14,0,0
GROC041,2024-01-21,0,0
GROC041,2024-01-28,0,0
GROC041,2024-02-04,0,0
GROC041,2024-02-11,0,0
GROC041,2024-02-18,0,0
GROC041,2024-02-25,0,0
GROC041,2024-03-03,0,0
GROC041,2024-03-10,0,0
GROC041,2024-03-17,0,0
GROC041,2024-03-24,0,0
GROC041,2024-03-31,0,0
GROC041,2024-04-07,0,0
GROC041,2024-04-14,0,0
GROC041,2024-04-21,0,0
GROC041,2024-04-28,0,0
GROC041,2024-05-05,0,0
GROC041,2024-05-12,0,0
GROC041,2024-05-19,0,0
GROC041,2024-05-26,0,0
GROC041,2024-06-02,0,0
GROC041,2024-06-09,0,0
GROC041,2024-06-16,0,0
GROC041,2024-06-23,0,0
GROC041,2024-06-30,0,0
GROC041,2024-07-07,0,0
GROC041,2024-07-14,0,0
GROC041,2024-07-21,0,0
GROC041,2024-07-28,0,0
GROC041,2024-08-04,0,0
GROC041,2024-08-11,0,0
GROC041,2024-08-18,0,0
GROC041,2024-08-25,0,0
GROC041,2024-09-01,0,0
GROC041,2024-09-08,0,0
GROC041,2024-09-15,0,0
GROC041,2024-09-22,0,0
GROC041,2024-09-29,0,0
GROC041,2024-10-06,0,0
GROC041,2024-10-13,0,0
GROC041,2024-10-20,0,0
GROC041,2024-10-27,0,0
GROC041,2024-11-03,0,0
GROC041,2024-11-10,0,0
GROC041,2024-11-17,0,0
GROC041,2024-11-24,0,0
GROC041,2024-12-01,0,0
GROC041,2024-12-08,0,0
GROC041,2024-12-15,0,0
GROC041,2024-12-22,0,0
GROC041,2024-12-29,0,0
GROC042,2024-01-07,12,84
GROC042,2024-01-14,0,0
GROC042,2024-01-21,9,63
GROC042,2024-01-28,0,0
GROC042,2024-02-04,13,91
GROC042,2024-02-11,0,0
GROC042,2024-02-18,0,0
GROC042,2024-02-25,11,77
GROC042,2024-03-03,11,77
GROC042,2024-03-10,16,112
GROC042,2024-03-17,0,0
GROC042,2024-03-24,13,91
GROC042,2024-03-31,13,91
GROC042,2024-04-07,10,70
GROC042,2024-04-14,14,98
GROC042,2024-04-21,0,0
GROC042,2024-04-28,10,70
GROC042,2024-05-05,9,63
GROC042,2024-05-12,10,70
GROC042,2024-05-19,9,63
GROC042,2024-05-26,12,84
GROC042,2024-06-02,12,84
GROC042,2024-06-09,8,56
GROC042,2024-06-16,0,0
GROC042,2024-06-23,16,112
GROC042,2024-06-30,9,63
GROC042,2024-07-07,14,98
GROC042,2024-07-14,13,91
GROC042,2024-07-21,16,112
GROC042,2024-07-28,14,98
GROC042,2024-08-04,14,98
GROC042,2024-08-11,9,63
GROC042,2024-08-18,13,91
GROC042,2024-08-25,10,70
GROC042,2024-09-01,10,70
GROC042,2024-09-08,12,84
GROC042,2024-09-15,11,77
GROC042,2024-09-22,15,105
GROC042,2024-09-29,0,0
GROC042,2024-10-06,10,70
GROC042,2024-10-13,0,0
GROC042,2024-10-20,13,91
GROC042,2024-10-27,0,0
GROC042,2024-11-03,0,0
GROC042,2024-11-10,0,0
GROC042,2024-11-17,0,0
GROC042,2024-11-24,10,70
GROC042,2024-12-01,0,0
GROC042,2024-12-08,14,98
GROC042,2024-12-15,0,0
GROC042,2024-12-22,10,70
GROC042,2024-12-29,11,77
GROC043,2024-01-07,82,574
GROC043,2024-01-14,92,644
GROC043,2024-01-21,87,609
GROC043,2024-01-28,84,588
GROC043,2024-02-04,95,665
GROC043,2024-02-11,87,609
GROC043,2024-02-18,79,553
GROC043,2024-02-25,88,616
GROC043,2024-03-03,77,539
GROC043,2024-03-10,68,476
GROC043,2024-03-17,72,504
GROC043,2024-03-24,62,434
GROC043,2024-03-31,71,497
GROC043,2024-04-07,62,434
GROC043,2024-04-14,72,504
GROC043,2024-04-21,62,434
GROC043,2024-04-28,49,343
GROC043,2024-05-05,70,490
GROC043,2024-05-12,53,371
GROC043,2024-05-19,69,483
GROC043,2024-05-26,72,504
GROC043,2024-06-02,63,441
GROC043,2024-06-09,39,273
GROC043,2024-06-16,61,427
GROC043,2024-06-23,56,392
GROC043,2024-06-30,49,343
GROC043,2024-07-07,56,392
GROC043,2024-07-14,69,483
GROC043,2024-07-21,57,399
GROC043,2024-07-28,61,427
GROC043,2024-08-04,66,462
GROC043,2024-08-11,67,469
GROC043,2024-08-18,52,364
GROC043,2024-08-25,74,518
GROC043,2024-09-01,67,469
GROC043,2024-09-08,73,511
GROC043,2024-09-15,74,518
GROC043,2024-09-22,67,469
GROC043,2024-09-29,75,525
GROC043,2024-10-06,72,504
GROC043,2024-10-13,68,476
GROC043,2024-10-20,66,462
GROC043,2024-10-27,81,567
GROC043,2024-11-03,82,574
GROC043,2024-11-10,81,567
GROC043,2024-11-17,79,553
GROC043,2024-11-24,88,616
GROC043,2024-12-01,100,700
GROC043,2024-12-08,100,700
GROC043,2024-12-15,72,504
GROC043,2024-12-22,74,518
GROC043,2024-12-29,87,609
GROC044,2024-01-07,0,0
GROC044,2024-01-14,0,0
GROC044,2024-01-21,0,0
GROC044,2024-01-28,0,0
GROC044,2024-02-04,0,0
GROC044,2024-02-11,0,0
GROC044,2024-02-18,0,0
GROC044,2024-02-25,0,0
GROC044,2024-03-03,0,0
GROC044,2024-03-10,0,0
GROC044,2024-03-17,0,0
GROC044,2024-03-24,0,0
GROC044,2024-03-31,0,0
GROC044,2024-04-07,0,0
GROC044,2024-04-14,0,0
GROC044,2024-04-21,0,0
GROC044,2024-04-28,0,0
GROC044,2024-05-05,0,0
GROC044,2024-05-12,0,0
GROC044,2024-05-19,0,0
GROC044,2024-05-26,0,0
GROC044,2024-06-02,0,0
GROC044,2024-06-09,0,0
GROC044,2024-06-16,0,0
GROC044,2024-06-23,0,0
GROC044,2024-06-30,0,0
GROC044,2024-07-07,0,0
GROC044,2024-07-14,0,0
GROC044,2024-07-21,0,0
GROC044,2024-07-28,0,0
GROC044,2024-08-04,0,0
GROC044,2024-08-11,0,0
GROC044,2024-08-18,0,0
GROC044,2024-08-25,0,0
GROC044,2024-09-01,0,0
GROC044,2024-09-08,0,0
GROC044,2024-09-15,0,0
GROC044,2024-09-22,0,0
GROC044,2024-09-29,0,0
GROC044,2024-10-06,0,0
GROC044,2024-10-13,0,0
GROC044,2024-10-20,0,0
GROC044,2024-10-27,0,0
GROC044,2024-11-03,0,0
GROC044,2024-11-10,0,0
GROC044,2024-11-17,0,0
GROC044,2024-11-24,0,0
GROC044,2024-12-01,0,0
GROC044,2024-12-08,0,0
GROC044,2024-12-15,0,0
GROC044,2024-12-22,0,0
GROC044,2024-12-29,0,0
GROC045,2024-01-07,0,0
GROC045,2024-01-14,0,0
GROC045,2024-01-21,0,0
GROC045,2024-01-28,0,0
GROC045,2024-02-04,10,70
GROC045,2024-02-11,0,0
GROC045,2024-02-18,0,0
GROC045,2024-02-25,0,0
GROC045,2024-03-03,0,0
GROC045,2024-03-10,0,0
GROC045,2024-03-17,0,0
GROC045,2024-03-24,0,0
GROC045,2024-03-31,0,0
GROC045,2024-04-07,0,0
GROC045,2024-04-14,0,0
GROC045,2024-04-21,0,0
GROC045,2024-04-28,0,0
GROC045,2024-05-05,0,0
GROC045,2024-05-12,0,0
GROC045,2024-05-19,0,0
GROC045,2024-05-26,0,0
GROC045,2024-06-02,0,0
GROC045,2024-06-09,0,0
GROC045,2024-06-16,0,0
GROC045,2024-06-23,0,0
GROC045,2024-06-30,0,0
GROC045,2024-07-07,0,0
GROC045,2024-07-14,0,0
GROC045,2024-07-21,0,0
GROC045,2024-07-28,0,0
GROC045,2024-08-04,0,0
GROC045,2024-08-11,0,0
GROC045,2024-08-18,0,0
GROC045,2024-08-25,0,0
GROC045,2024-09-01,0,0
GROC045,2024-09-08,0,0
GROC045,2024-09-15,0,0
GROC045,2024-09-22,0,0
GROC045,2024-09-29,0,0
GROC045,2024-10-06,0,0
GROC045,2024-10-13,0,0
GROC045,2024-10-20,0,0
GROC045,2024-10-27,0,0
GROC045,2024-11-03,0,0
GROC045,2024-11-10,0,0
GROC045,2024-11-17,0,0
GROC045,2024-11-24,14,98
GROC045,2024-12-01,0,0
GROC045,2024-12-08,0,0
GROC045,2024-12-15,0,0
GROC045,2024-12-22,0,0
GROC045,2024-12-29,0,0
GROC046,2024-01-07,7,49
GROC046,2024-01-14,8,56
GROC046,2024-01-21,7,49
GROC046,2024-01-28,10,70
GROC046,2024-02-04,7,49
GROC046,2024-02-11,6,42
GROC046,2024-02-18,8,56
GROC046,2024-02-25,8,56
GROC046,2024-03-03,6,42
GROC046,2024-03-10,7,49
GROC046,2024-03-17,7,49
GROC046,2024-03-24,6,42
GROC046,2024-03-31,10,70
GROC046,2024-04-07,8,56
GROC046,2024-04-14,9,63
GROC046,2024-04-21,8,56
GROC046,2024-04-28,9,63
GROC046,2024-05-05,7,49
GROC046,2024-05-12,9,63
GROC046,2024-05-19,7,49
GROC046,2024-05-26,7,49
GROC046,2024-06-02,6,42
GROC046,2024-06-09,6,42
GROC046,2024-06-16,6,42
GROC046,2024-06-23,7,49
GROC046,2024-06-30,6,42
GROC046,2024-07-07,8,56
GROC046,2024-07-14,7,49
GROC046,2024-07-21,5,35
GROC046,2024-07-28,10,70
GROC046,2024-08-04,9,63
GROC046,2024-08-11,8,56
GROC046,2024-08-18,10,70
GROC046,2024-08-25,9,63
GROC046,2024-09-01,9,63
GROC046,2024-09-08,7,49
GROC046,2024-09-15,8,56
GROC046,2024-09-22,9,63
GROC046,2024-09-29,7,49
GROC046,2024-10-06,9,63
GROC046,2024-10-13,10,70
GROC046,2024-10-20,9,63
GROC046,2024-10-27,9,63
GROC046,2024-11-03,10,70
GROC046,2024-11-10,10,70
GROC046,2024-11-17,7,49
GROC046,2024-11-24,7,49
GROC046,2024-12-01,10,70
GROC046,2024-12-08,8,56
GROC046,2024-12-15,9,63
GROC046,2024-12-22,8,56
GROC046,2024-12-29,7,49
GROC047,2024-01-07,3,21
GROC047,2024-01-14,2,14
GROC047,2024-01-21,0,0
GROC047,2024-01-28,2,14
GROC047,2024-02-04,0,0
GROC047,2024-02-11,3,21
GROC047,2024-02-18,0,0
GROC047,2024-02-25,0,0
GROC047,2024-03-03,0,0
GROC047,2024-03-10,3,21
GROC047,2024-03-17,3,21
GROC047,2024-03-24,2,14
GROC047,2024-03-31,3,21
GROC047,2024-04-07,2,14
GROC047,2024-04-14,3,21
GROC047,2024-04-21,2,14
GROC047,2024-04-28,3,21
GROC047,2024-05-05,0,0
GROC047,2024-05-12,0,0
GROC047,2024-05-19,2,14
GROC047,2024-05-26,2,14
GROC047,2024-06-02,2,14
GROC047,2024-06-09,2,14
GROC047,2024-06-16,2,14
GROC047,2024-06-23,3,21
GROC047,2024-06-30,4,28
GROC047,2024-07-07,0,0
GROC047,2024-07-14,3,21
GROC047,2024-07-21,0,0
GROC047,2024-07-28,2,14
GROC047,2024-08-04,0,0
GROC047,2024-08-11,2,14
GROC047,2024-08-18,0,0
GROC047,2024-08-25,2,14
GROC047,2024-09-01,2,14
GROC047,2024-09-08,2,14
GROC047,2024-09-15,2,14
GROC047,2024-09-22,3,21
GROC047,2024-09-29,2,14
GROC047,2024-10-06,0,0
GROC047,2024-10-13,2,14
GROC047,2024-10-20,2,14
GROC047,2024-10-27,2,14
GROC047,2024-11-03,3,21
GROC047,2024-11-10,0,0
GROC047,2024-11-17,3,21
GROC047,2024-11-24,3,21
GROC047,2024-12-01,0,0
GROC047,2024-12-08,3,21
GROC047,2024-12-15,0,0
GROC047,2024-12-22,2,14
GROC047,2024-12-29,0,0
GROC048,2024-01-07,0,0
GROC048,2024-01-14,0,0
GROC048,2024-01-21,0,0
GROC048,2024-01-28,0,0
GROC048,2024-02-04,0,0
GROC048,2024-02-11,0,0
GROC048,2024-02-18,0,0
GROC048,2024-02-25,2,14
GROC048,2024-03-03,2,14
GROC048,2024-03-10,4,28
GROC048,2024-03-17,4,28
GROC048,2024-03-24,4,28
GROC048,2024-03-31,5,35
GROC048,2024-04-07,5,35
GROC048,2024-04-14,5,35
GROC048,2024-04-21,4,28
GROC048,2024-04-28,7,49
GROC048,2024-05-05,6,42
GROC048,2024-05-12,3,21
GROC048,2024-05-19,3,21
GROC048,2024-05-26,6,42
GROC048,2024-06-02,5,35
GROC048,2024-06-09,3,21
GROC048,2024-06-16,3,21
GROC048,2024-06-23,2,14
GROC048,2024-06-30,2,14
GROC048,2024-07-07,0,0
GROC048,2024-07-14,0,0
GROC048,2024-07-21,2,14
GROC048,2024-07-28,2,14
GROC048,2024-08-04,0,0
GROC048,2024-08-11,2,14
GROC048,2024-08-18,0,0
GROC048,2024-08-25,2,14
GROC048,2024-09-01,0,0
GROC048,2024-09-08,0,0
GROC048,2024-09-15,2,14
GROC048,2024-09-22,0,0
GROC048,2024-09-29,2,14
GROC048,2024-10-06,3,21
GROC048,2024-10-13,0,0
GROC048,2024-10-20,2,14
GROC048,2024-10-27,0,0
GROC048,2024-11-03,0,0
GROC048,2024-11-10,0,0
GROC048,2024-11-17,0,0
GROC048,2024-11-24,0,0
GROC048,2024-12-01,0,0
GROC048,2024-12-08,0,0
GROC048,2024-12-15,0,0
GROC048,2024-12-22,0,0
GROC048,2024-12-29,0,0
GROC049,2024-01-07,0,0
GROC049,2024-01-14,0,0
GROC049,2024-01-21,0,0
GROC049,2024-01-28,0,0
GROC049,2024-02-04,0,0
GROC049,2024-02-11,0,0
GROC049,2024-02-18,0,0
GROC049,2024-02-25,0,0
GROC049,2024-03-03,0,0
GROC049,2024-03-10,0,0
GROC049,2024-03-17,0,0
GROC049,2024-03-24,0,0
GROC049,2024-03-31,0,0
GROC049,2024-04-07,0,0
GROC049,2024-04-14,0,0
GROC049,2024-04-21,0,0
GROC049,2024-04-28,0,0
GROC049,2024-05-05,0,0
GROC049,2024-05-12,0,0
GROC049,2024-05-19,0,0
GROC049,2024-05-26,0,0
GROC049,2024-06-02,0,0
GROC049,2024-06-09,0,0
GROC049,2024-06-16,0,0
GROC049,2024-06-23,0,0
GROC049,2024-06-30,0,0
GROC049,2024-07-07,0,0
GROC049,2024-07-14,0,0
GROC049,2024-07-21,0,0
GROC049,2024-07-28,0,0
GROC049,2024-08-04,0,0
GROC049,2024-08-11,0,0
GROC049,2024-08-18,0,0
GROC049,2024-08-25,0,0
GROC049,2024-09-01,0,0
GROC049,2024-09-08,0,0
GROC049,2024-09-15,0,0
GROC049,2024-09-22,0,0
GROC049,2024-09-29,0,0
GROC049,2024-10-06,0,0
GROC049,2024-10-13,0,0
GROC049,2024-10-20,0,0
GROC049,2024-10-27,0,0
GROC049,2024-11-03,0,0
GROC049,2024-11-10,0,0
GROC049,2024-11-17,0,0
GROC049,2024-11-24,0,0
GROC049,2024-12-01,0,0
GROC049,2024-12-08,0,0
GROC049,2024-12-15,0,0
GROC049,2024-12-22,0,0
GROC049,2024-12-29,0,0
GROC050,2024-01-07,52,364
GROC050,2024-01-14,54,378
GROC050,2024-01-21,58,406
GROC050,2024-01-28,54,378
GROC050,2024-02-04,59,413
GROC050,2024-02-11,59,413
GROC050,2024-02-18,60,420
GROC050,2024-02-25,63,441
GROC050,2024-03-03,60,420
GROC050,2024-03-10,63,441
GROC050,2024-03-17,67,469
GROC050,2024-03-24,73,511
GROC050,2024-03-31,70,490
GROC050,2024-04-07,78,546
GROC050,2024-04-14,82,574
GROC050,2024-04-21,98,686
GROC050,2024-04-28,89,623
GROC050,2024-05-05,86,602
GROC050,2024-05-12,100,700
GROC050,2024-05-19,93,651
GROC050,2024-05-26,80,560
GROC050,2024-06-02,93,651
GROC050,2024-06-09,98,686
GROC050,2024-06-16,91,637
GROC050,2024-06-23,90,630
GROC050,2024-06-30,72,504
GROC050,2024-07-07,75,525
GROC050,2024-07-14,67,469
GROC050,2024-07-21,68,476
GROC050,2024-07-28,66,462
GROC050,2024-08-04,66,462
GROC050,2024-08-11,63,441
GROC050,2024-08-18,63,441
GROC050,2024-08-25,65,455
GROC050,2024-09-01,99,693
GROC050,2024-09-08,89,623
GROC050,2024-09-15,70,490
GROC050,2024-09-22,65,455
GROC050,2024-09-29,67,469
GROC050,2024-10-06,68,476
GROC050,2024-10-13,69,483
GROC050,2024-10-20,59,413
GROC050,2024-10-27,63,441
GROC050,2024-11-03,57,399
GROC050,2024-11-10,63,441
GROC050,2024-11-17,60,420
GROC050,2024-11-24,58,406
GROC050,2024-12-01,54,378
GROC050,2024-12-08,55,385
GROC050,2024-12-15,54,378
GROC050,2024-12-22,53,371
GROC050,2024-12-29,49,343
